1,book,fahrenheit 451,ray bradbury,4,9.99,534
2,book,1984,george orwell,5,15.99,354
3,book,to kill a mockingbird,harper lee,12,12.99,458
4,book,beloved,toni morrison,4,13.5,255
5,book,the little prince,antoine de saint exupéry,10,7.0,415
6,book,brave new world,aldous huxley,15,19.0,589
7,book,charlotte's web,e.b. white,10,8.99,342
8,book,hitchhiker's guide to the galaxy,douglas adams,5,9.99,473
9,book,catch-22,joseph heller,20,11.99,235
10,book,flowers for algernon,daniel keyes,7,6.99,394
11,cd,a night at the opera,queen,14,6.99,15
12,cd,cuz I love you,lizzo,8,7.99,14
13,cd,a hard day's night,the beatles,3,3.99,18
14,dvd,the dark knight,null,5,12.99,2.5
15,dvd,jurassic park,null,7,7.99,2.3
